{
  "trained_records": 12000,
  "db_records": 0,
  "sim_records": 12000,
  "fraud_rate": 0.1802,
  "metrics": {
    "precision": 0.9958544449562413,
    "recall": 0.9995376791493297,
    "f1": 0.997692662667282,
    "roc_auc_calibrated": 0.999988837938189,
    "avg_precision_calibrated": 0.9999099404501659,
    "records": 12000.0,
    "selected_features": 21.0,
    "active_meta_layers": 3.0,
    "leakage_warning": 0.0,
    "baseline_f1": 0.01073345259391771,
    "baseline_precision": 0.16666666666666666,
    "baseline_recall": 0.005545286506469501,
    "baseline_roc_auc": 0.49951816068176136,
    "baseline_pr_auc": 0.18025754775107827,
    "anomaly_f1": 0.01073345259391771,
    "anomaly_delta_f1": 0.0,
    "anomaly_kept": 0.0,
    "graph_f1": 0.0106951871657754,
    "graph_delta_f1": -3.826542814230893e-05,
    "graph_kept": 0.0,
    "temporal_f1": 0.01073345259391771,
    "temporal_delta_f1": 0.0,
    "temporal_kept": 0.0,
    "dq_missing_cells": 0.0,
    "dq_duplicate_rows": 0.0,
    "dq_invalid_timestamps": 0.0,
    "dq_invalid_location": 0.0,
    "dq_outlier_flags": 822.0,
    "sanity_shuffle_auc": 0.45882303417451004
  }
}