{
  "timestamp_utc": "2026-03-18T05:19:54.535629+00:00",
  "rounds": [
    {
      "round": 1,
      "seed": 90,
      "pressure_level": 6,
      "records": 20000,
      "db_records": 0,
      "sim_records": 20000,
      "fraud_rate": 0.247,
      "score": 0.9711919956238153,
      "accepted": true,
      "metrics": {
        "precision": 0.9530497592295345,
        "recall": 0.9617331443612067,
        "f1": 0.9573717625718029,
        "roc_auc_calibrated": 0.9974524166272273,
        "avg_precision_calibrated": 0.990822155142699,
        "records": 19997.0,
        "selected_features": 22.0,
        "active_meta_layers": 4.0,
        "leakage_warning": 0.0,
        "baseline_f1": 0.1689691817215728,
        "baseline_precision": 0.24574961360123648,
        "baseline_recall": 0.12874493927125505,
        "baseline_roc_auc": 0.4939859455565054,
        "baseline_pr_auc": 0.24738765733468945,
        "anomaly_f1": 0.15692640692640691,
        "anomaly_delta_f1": -0.012042774795165884,
        "anomaly_kept": 0.0,
        "graph_f1": 0.17179215270413573,
        "graph_delta_f1": 0.002822970982562928,
        "graph_kept": 1.0,
        "temporal_f1": 0.16266375545851527,
        "temporal_delta_f1": -0.009128397245620451,
        "temporal_kept": 0.0,
        "dq_missing_cells": 0.0,
        "dq_duplicate_rows": 0.0,
        "dq_invalid_timestamps": 3.0,
        "dq_invalid_location": 0.0,
        "dq_outlier_flags": 1342.0,
        "sanity_shuffle_auc": 0.5171590023173165
      },
      "model_name": "hybrid_fraud_engine_round_1.joblib"
    },
    {
      "round": 2,
      "seed": 107,
      "pressure_level": 7,
      "records": 23000,
      "db_records": 0,
      "sim_records": 23000,
      "fraud_rate": 0.2573,
      "score": 0.9602087359698521,
      "accepted": true,
      "metrics": {
        "precision": 0.9363727454909819,
        "recall": 0.9476085854318067,
        "f1": 0.9419571608567828,
        "roc_auc_calibrated": 0.9957402171774441,
        "avg_precision_calibrated": 0.9861564901933941,
        "records": 22996.0,
        "selected_features": 23.0,
        "active_meta_layers": 4.0,
        "leakage_warning": 0.0,
        "baseline_f1": 0.20077821011673153,
        "baseline_precision": 0.23648029330889092,
        "baseline_recall": 0.1744421906693712,
        "baseline_roc_auc": 0.4822895240628756,
        "baseline_pr_auc": 0.25021014397324365,
        "anomaly_f1": 0.18891491022638562,
        "anomaly_delta_f1": -0.011863299890345902,
        "anomaly_kept": 0.0,
        "graph_f1": 0.20209871745044694,
        "graph_delta_f1": 0.001320507333715415,
        "graph_kept": 0.0,
        "temporal_f1": 0.2091355228388071,
        "temporal_delta_f1": 0.008357312722075572,
        "temporal_kept": 1.0,
        "dq_missing_cells": 0.0,
        "dq_duplicate_rows": 0.0,
        "dq_invalid_timestamps": 4.0,
        "dq_invalid_location": 0.0,
        "dq_outlier_flags": 1542.0,
        "sanity_shuffle_auc": 0.407240793434389
      },
      "model_name": "hybrid_fraud_engine_round_2.joblib"
    },
    {
      "round": 3,
      "seed": 124,
      "pressure_level": 8,
      "records": 26000,
      "db_records": 0,
      "sim_records": 26000,
      "fraud_rate": 0.2713,
      "score": 0.9421698471145739,
      "accepted": true,
      "metrics": {
        "precision": 0.9188118811881189,
        "recall": 0.9212877606013331,
        "f1": 0.9200481552297995,
        "roc_auc_calibrated": 0.9915032402479553,
        "avg_precision_calibrated": 0.9750416507663886,
        "records": 25994.0,
        "selected_features": 23.0,
        "active_meta_layers": 3.0,
        "leakage_warning": 0.0,
        "baseline_f1": 0.35221238938053095,
        "baseline_precision": 0.2559814767172627,
        "baseline_recall": 0.5643788996029495,
        "baseline_roc_auc": 0.4730972308986525,
        "baseline_pr_auc": 0.26686387809529544,
        "anomaly_f1": 0.3492686407420621,
        "anomaly_delta_f1": -0.002943748638468857,
        "anomaly_kept": 0.0,
        "graph_f1": 0.351628895184136,
        "graph_delta_f1": -0.0005834941963949736,
        "graph_kept": 0.0,
        "temporal_f1": 0.3524633586438284,
        "temporal_delta_f1": 0.0002509692632974292,
        "temporal_kept": 0.0,
        "dq_missing_cells": 0.0,
        "dq_duplicate_rows": 0.0,
        "dq_invalid_timestamps": 6.0,
        "dq_invalid_location": 0.0,
        "dq_outlier_flags": 1774.0,
        "sanity_shuffle_auc": 0.4641638944673545
      },
      "model_name": "hybrid_fraud_engine_round_3.joblib"
    },
    {
      "round": 4,
      "seed": 141,
      "pressure_level": 9,
      "records": 29000,
      "db_records": 0,
      "sim_records": 29000,
      "fraud_rate": 0.2808,
      "score": 0.9322588764669842,
      "accepted": false,
      "metrics": {
        "precision": 0.9153005464480874,
        "recall": 0.9052941899029603,
        "f1": 0.9102698696967826,
        "roc_auc_calibrated": 0.9883947936917314,
        "avg_precision_calibrated": 0.9664725573313713,
        "records": 28990.0,
        "selected_features": 23.0,
        "active_meta_layers": 4.0,
        "leakage_warning": 0.0,
        "baseline_f1": 0.18114143920595532,
        "baseline_precision": 0.24558452481076534,
        "baseline_recall": 0.14348894348894348,
        "baseline_roc_auc": 0.46709223916206466,
        "baseline_pr_auc": 0.26589738265052104,
        "anomaly_f1": 0.16451612903225807,
        "anomaly_delta_f1": -0.016625310173697255,
        "anomaly_kept": 0.0,
        "graph_f1": 0.18283235202974898,
        "graph_delta_f1": 0.001690912823793661,
        "graph_kept": 0.0,
        "temporal_f1": 0.1861170051530767,
        "temporal_delta_f1": 0.004975565947121369,
        "temporal_kept": 1.0,
        "dq_missing_cells": 0.0,
        "dq_duplicate_rows": 0.0,
        "dq_invalid_timestamps": 10.0,
        "dq_invalid_location": 0.0,
        "dq_outlier_flags": 1991.0,
        "sanity_shuffle_auc": 0.45562798729881027
      },
      "model_name": "hybrid_fraud_engine_round_4.joblib"
    },
    {
      "round": 5,
      "seed": 158,
      "pressure_level": 10,
      "records": 32000,
      "db_records": 0,
      "sim_records": 32000,
      "fraud_rate": 0.2958,
      "score": 0.918924310015321,
      "accepted": false,
      "metrics": {
        "precision": 0.8950486669487939,
        "recall": 0.8938193343898574,
        "f1": 0.8944335782629381,
        "roc_auc_calibrated": 0.9836925850363154,
        "avg_precision_calibrated": 0.9558137574089719,
        "records": 31994.0,
        "selected_features": 22.0,
        "active_meta_layers": 3.0,
        "leakage_warning": 0.0,
        "baseline_f1": 0.2299707213202023,
        "baseline_precision": 0.310567936736161,
        "baseline_recall": 0.18258664412510567,
        "baseline_roc_auc": 0.5185401012839597,
        "baseline_pr_auc": 0.31085576427958095,
        "anomaly_f1": 0.22144396551724138,
        "anomaly_delta_f1": -0.008526755802960917,
        "anomaly_kept": 0.0,
        "graph_f1": 0.2299707213202023,
        "graph_delta_f1": 0.0,
        "graph_kept": 0.0,
        "temporal_f1": 0.22990952634379988,
        "temporal_delta_f1": -6.119497640241778e-05,
        "temporal_kept": 0.0,
        "dq_missing_cells": 0.0,
        "dq_duplicate_rows": 0.0,
        "dq_invalid_timestamps": 6.0,
        "dq_invalid_location": 0.0,
        "dq_outlier_flags": 2210.0,
        "sanity_shuffle_auc": 0.4738097664124239
      },
      "model_name": "hybrid_fraud_engine_round_5.joblib"
    }
  ],
  "best_score": 0.9711919956238153,
  "best_model_name": "hybrid_fraud_engine_round_1.joblib",
  "best_accepted_score": 0.9711919956238153,
  "best_accepted_model_name": "hybrid_fraud_engine_round_1.joblib",
  "gate_min_recall": 0.92,
  "gate_min_pr_auc": 0.92,
  "gate_any_accepted": true,
  "promoted_model": "hybrid_fraud_engine.joblib",
  "promoted_from": "hybrid_fraud_engine_round_1.joblib"
}